id	source_url	start	end
15	https://www.bilibili.com/video/BV1yMxieeE1c/	0	18
7	https://www.bilibili.com/video/BV1Q4421D7Qh/	0	31
28	https://www.bilibili.com/video/BV15A411s72P/	0	23
29	https://www.bilibili.com/video/BV15A411s72P/	0	23
30	https://www.bilibili.com/video/BV15A411s72P/	0	23
35	https://www.bilibili.com/video/BV1vu411876c/	0	21
36	https://www.bilibili.com/video/BV1T1421D7HW/	0	34
38	https://www.bilibili.com/video/BV1dh4y1u7m2/	0	21
48	https://www.bilibili.com/video/BV1ks4y1J7gR/	0	24
1070	https://www.bilibili.com/video/BV1pG41197Gq/	0	18
